{"OJAtl+6sey1UIAuTwP6Rsw==":"mbr-122x122.jpeg","/0yegRGph80wu0E7D8RcsQ==":"mbr-1920x1080.jpg","mh74xMGGKEbukG7dbn3ZUQ==":"mbr-1920x1079.jpg","aWzW0ZsZoqoCI1VaOywv9w==":"mbr-1920x1072.jpg","Z4yFNugsFGZi1BMKnSgsgA==":"mbr-1920x1280.jpg","B1dylGqJXoUCbspEBusmug==":"mbr-1920x1333.jpg","7WHtmP5FbnhtYfH4fQdrhA==":"mbr-1-1920x1079.jpg","/osL+dziSEVGhesKgi9aoQ==":"mbr-2-1920x1079.jpg","41TMXz8AHPIPXO7fGPcsCA==":"mbr-1-1920x1080.jpg","20yXHRQHYUjjiHpe16E3vw==":"mbr-1920x1282.jpg","fXvRjyLe3pyb2mRGrHHIsw==":"mbr-1920x979.jpg","iTPxfVyp+hx3jg7fS6kDqg==":"mbr-1-1920x1280.jpg","1FqFuPTeDtXZ7F1umCZ+tg==":"mbr-1619x1080.jpg","PDou26xOOFTt1xuiGtOcYQ==":"mbr-1920x1043.jpg","XjIcKvHDdAsRCbjdQNvUdA==":"mbr-2-1920x1280.jpg","HKtwzj3vBYiz00VH7WGydQ==":"mbr-3-1920x1280.jpg","UAc7kepzJPkrSn4uqTRvmw==":"background4.jpg","77tfX7ojPR9ffCC3CAxSkA==":"mbr-4-1920x1280.jpg"}